City_ID,City,Country,Date,Lat,Lng,Max Temp,Humidity,Cloudiness,Wind Speed
0,Albany,US,2021-02-16 22:57:37,42.6001,-73.9662,35.01,69,100,4.0
1,Sakakah,SA,2021-02-16 22:57:37,29.9697,40.2064,64.4,36,0,19.57
2,Busselton,AU,2021-02-16 22:57:37,-33.65,115.3333,57.99,98,0,6.26
3,Hobart,AU,2021-02-16 22:53:09,-42.8794,147.3294,68.0,59,20,10.36
4,Tha Chang,TH,2021-02-16 22:57:38,9.2642,99.1922,71.6,100,20,2.24
5,Mar Del Plata,AR,2021-02-16 22:55:54,-38.0023,-57.5575,68.0,83,90,6.91
6,Khatanga,RU,2021-02-16 22:57:38,71.9667,102.5,-20.0,81,95,8.28
7,Qaanaaq,GL,2021-02-16 22:57:38,77.484,-69.3632,-7.76,87,99,4.05
8,Nikolskoye,RU,2021-02-16 22:57:39,59.7035,30.7861,12.2,73,75,13.42
9,Mayumba,GA,2021-02-16 22:57:39,-3.432,10.6554,79.83,84,83,4.79
10,Tuktoyaktuk,CA,2021-02-16 22:57:40,69.4541,-133.0374,-20.2,76,75,9.22
11,Barrow,US,2021-02-16 22:57:40,71.2906,-156.7887,-14.8,76,75,11.5
12,Geraldton,AU,2021-02-16 22:57:40,-28.7667,114.6,71.6,88,90,5.75
13,Chicama,PE,2021-02-16 22:57:40,-7.8447,-79.1469,73.4,78,0,9.22
14,Kapaa,US,2021-02-16 22:57:40,22.0752,-159.319,81.0,69,75,8.05
15,East London,ZA,2021-02-16 22:57:40,-33.0153,27.9116,66.25,70,45,8.66
16,Vostok,RU,2021-02-16 22:57:41,46.4856,135.8833,10.24,96,100,7.14
17,Pangnirtung,CA,2021-02-16 22:57:41,66.1451,-65.7125,-13.0,77,20,2.73
18,Upernavik,GL,2021-02-16 22:57:41,72.7868,-56.1549,-4.7,89,99,3.67
19,Marovoay,MG,2021-02-16 22:57:42,-16.1,46.6333,78.8,94,40,4.61
20,Iqaluit,CA,2021-02-16 22:57:42,63.7506,-68.5145,-9.4,64,20,12.66
21,Camacha,PT,2021-02-16 22:57:43,33.0833,-16.3333,62.6,94,20,4.61
22,Sioux Lookout,CA,2021-02-16 22:57:43,50.1001,-91.917,6.8,40,20,5.75
23,Chardara,KZ,2021-02-16 22:57:43,41.2547,67.9692,51.03,46,0,3.09
24,Bethanien,NA,2021-02-16 22:57:43,-26.502,17.1583,72.66,22,0,2.62
25,Doha,QA,2021-02-16 22:54:01,25.2867,51.5333,66.2,88,0,4.61
26,Rikitea,PF,2021-02-16 22:57:44,-23.1203,-134.9692,79.29,73,5,12.08
27,Saint-Philippe,RE,2021-02-16 22:57:44,-21.3585,55.7679,78.8,78,0,5.75
28,Hirado,JP,2021-02-16 22:57:44,33.3597,129.5531,39.2,60,75,25.32
29,Rabo De Peixe,PT,2021-02-16 22:57:45,37.8,-25.5833,57.99,72,20,11.5
30,Beyneu,KZ,2021-02-16 22:57:45,45.3167,55.2,39.74,90,84,19.62
31,Kondagaon,IN,2021-02-16 22:57:45,19.6,81.6667,61.11,57,2,3.62
32,Ponta Do Sol,PT,2021-02-16 22:56:28,32.6667,-17.1,64.99,39,20,8.05
33,Hermanus,ZA,2021-02-16 22:57:46,-34.4187,19.2345,66.0,76,23,8.99
34,Filadelfia,US,2021-02-16 22:57:46,39.9523,-75.1638,46.4,46,90,21.85
35,Sharjah,AE,2021-02-16 22:57:46,25.3573,55.4033,69.8,88,0,3.44
36,Songea,TZ,2021-02-16 22:57:11,-10.6833,35.65,66.49,99,100,4.68
37,Puerto Ayora,EC,2021-02-16 22:57:46,-0.7393,-90.3518,80.6,78,75,13.8
38,Madera,US,2021-02-16 22:56:36,37.1666,-119.8343,55.0,69,18,5.99
39,Castro,BR,2021-02-16 22:57:47,-24.7911,-50.0119,64.92,85,22,6.22
40,Chokurdakh,RU,2021-02-16 22:57:47,70.6333,147.9167,-16.38,89,98,2.59
41,Owerri,NG,2021-02-16 22:57:47,5.4833,7.0304,78.8,89,40,3.44
42,Shihezi,CN,2021-02-16 22:56:11,44.3,86.0333,11.53,91,63,1.95
43,Novo Aripuana,BR,2021-02-16 22:57:47,-5.1206,-60.3797,76.78,94,98,2.21
44,Bredasdorp,ZA,2021-02-16 22:57:48,-34.5322,20.0403,64.4,72,75,11.5
45,Tiksi,RU,2021-02-16 22:57:48,71.6872,128.8694,-22.9,83,34,3.38
46,Butaritari,KI,2021-02-16 22:57:48,3.0707,172.7902,81.34,82,3,20.0
47,Clyde River,CA,2021-02-16 22:57:49,70.4692,-68.5914,-23.8,76,20,2.3
48,Puerto Quijarro,BO,2021-02-16 22:57:49,-17.7833,-57.7667,76.21,93,66,2.28
49,Uruzgan,AF,2021-02-16 22:57:49,32.8333,66.0,42.3,51,0,3.2
50,Ilam,NP,2021-02-16 22:57:49,26.9167,87.9167,51.6,60,0,5.46
51,Lexington,US,2021-02-16 22:57:27,37.9887,-84.4777,15.01,85,90,6.91
52,Ausa,ES,2021-02-16 22:57:49,41.9271,2.2497,44.01,95,95,2.06
53,Auriflama,BR,2021-02-16 22:57:49,-20.6856,-50.5547,74.1,89,90,5.21
54,Taoudenni,ML,2021-02-16 22:57:50,22.6783,-3.9836,68.83,24,79,21.47
55,Georgetown,MY,2021-02-16 22:53:04,5.4112,100.3354,77.0,78,20,3.44
56,Fortuna,US,2021-02-16 22:57:50,40.5982,-124.1573,55.0,76,75,12.66
57,Bluff,NZ,2021-02-16 22:57:50,-46.6,168.3333,57.0,64,34,5.99
58,Beringovskiy,RU,2021-02-16 22:57:51,63.05,179.3167,-12.3,87,41,14.65
59,Cape Town,ZA,2021-02-16 22:57:51,-33.9258,18.4232,69.01,64,0,6.91
60,Tual,ID,2021-02-16 22:57:51,-5.6667,132.75,83.84,75,100,17.6
61,Guia Lopes Da Laguna,BR,2021-02-16 22:57:51,-21.4578,-56.1142,72.5,96,83,3.78
62,Mataura,NZ,2021-02-16 22:57:51,-46.1927,168.8643,57.0,64,12,5.99
63,Talnakh,RU,2021-02-16 22:57:51,69.4865,88.3972,-16.31,80,93,3.42
64,Maniitsoq,GL,2021-02-16 22:57:51,65.4167,-52.9,3.16,80,1,6.53
65,Araouane,ML,2021-02-16 22:57:52,18.9048,-3.5265,78.71,15,50,10.92
66,Kauhajoki,FI,2021-02-16 22:57:52,62.4333,22.1833,-11.2,77,0,4.23
67,Kruisfontein,ZA,2021-02-16 22:57:52,-34.0033,24.7314,63.0,77,0,4.0
68,Punta Arenas,CL,2021-02-16 22:57:52,-53.15,-70.9167,60.8,51,90,8.05
69,Kaitangata,NZ,2021-02-16 22:57:52,-46.2817,169.8464,57.99,64,3,5.99
70,Daru,PG,2021-02-16 22:57:53,-9.0763,143.2092,76.23,92,100,13.87
71,Airai,TL,2021-02-16 22:57:53,-8.9266,125.4092,62.98,100,100,2.06
72,Khani,GE,2021-02-16 22:57:53,41.9563,42.9566,37.4,93,90,6.91
73,Yar-Sale,RU,2021-02-16 22:57:53,66.8333,70.8333,-14.39,88,98,11.39
74,Sao Filipe,CV,2021-02-16 22:57:53,14.8961,-24.4956,71.94,72,80,6.4
75,Hofn,IS,2021-02-16 22:57:53,64.2539,-15.2082,40.19,88,100,15.3
76,Morondava,MG,2021-02-16 22:57:53,-20.2833,44.2833,81.03,83,100,22.28
77,San Cristobal,VE,2021-02-16 22:57:54,7.7669,-72.225,84.2,61,40,11.5
78,Labuhan,ID,2021-02-16 22:57:54,-6.8844,112.2051,78.42,86,100,6.55
79,Marawi,PH,2021-02-16 22:57:54,7.9986,124.2928,75.0,94,100,3.0
80,Ushuaia,AR,2021-02-16 22:57:54,-54.8,-68.3,57.2,67,40,6.91
81,Penukonda,IN,2021-02-16 22:55:01,14.0833,77.5833,63.77,57,0,2.75
82,Krasnoyarskaya,RU,2021-02-16 22:57:54,47.6501,42.0443,18.95,93,100,6.89
83,Zeya,RU,2021-02-16 22:57:55,53.75,127.2667,-7.8,83,100,5.68
84,Nouadhibou,MR,2021-02-16 22:57:55,20.931,-17.0347,71.6,46,0,11.5
85,Porto Novo,BJ,2021-02-16 22:57:55,6.4965,2.6036,84.2,89,40,11.5
86,Esperance,AU,2021-02-16 22:57:55,-33.8667,121.9,68.0,88,60,8.16
87,Madang,PG,2021-02-16 22:57:55,-5.2246,145.7966,75.85,94,100,3.06
88,Cidreira,BR,2021-02-16 22:57:55,-30.1811,-50.2056,73.24,82,3,7.09
89,Kuusamo,FI,2021-02-16 22:57:55,65.9667,29.1833,-22.0,76,0,1.14
90,Longyearbyen,SJ,2021-02-16 22:57:56,78.2186,15.6401,35.6,80,75,6.91
91,Jamestown,US,2021-02-16 22:57:56,42.097,-79.2353,18.0,79,90,17.27
92,Gijon,ES,2021-02-16 22:57:56,43.5357,-5.6615,48.99,88,97,3.71
93,Patacamaya,BO,2021-02-16 22:57:56,-17.2333,-67.9167,56.25,43,35,2.13
94,Vila Velha,BR,2021-02-16 22:54:35,-20.3297,-40.2925,84.99,94,75,9.22
95,Kuandian,CN,2021-02-16 22:57:56,40.7286,124.7847,0.3,83,0,5.91
96,Alcaniz,ES,2021-02-16 22:57:57,41.05,-0.1333,46.99,75,100,3.0
97,Vilyuysk,RU,2021-02-16 22:57:57,63.7553,121.6247,-31.41,83,54,4.16
98,San Antonio,US,2021-02-16 22:57:57,29.4241,-98.4936,28.4,54,90,8.05
99,Puerto Baquerizo Moreno,EC,2021-02-16 22:57:57,-0.9,-89.6,82.4,83,75,10.36
100,Broome,US,2021-02-16 22:57:57,42.2506,-75.833,28.0,80,90,10.36
101,Antofagasta,CL,2021-02-16 22:56:40,-23.65,-70.4,69.8,64,0,16.11
102,Conakry,GN,2021-02-16 22:55:28,9.538,-13.6773,79.14,78,53,8.12
103,Marsh Harbour,BS,2021-02-16 22:57:58,26.5412,-77.0636,76.71,82,32,13.76
104,Nome,US,2021-02-16 22:57:58,64.5011,-165.4064,5.0,61,1,17.27
105,Qaqortoq,GL,2021-02-16 22:57:58,60.7167,-46.0333,19.4,45,75,2.3
106,Port Lincoln,AU,2021-02-16 22:57:58,-34.7333,135.8667,78.94,45,0,10.25
107,Port Hueneme,US,2021-02-16 22:57:58,34.1478,-119.1951,68.0,55,1,11.5
108,Hami,CN,2021-02-16 22:57:58,42.8,93.45,31.3,78,0,2.62
109,Mezen,RU,2021-02-16 22:57:58,65.8522,44.24,-25.31,85,15,0.78
110,Luzhou,CN,2021-02-16 22:57:59,28.8724,105.4405,53.87,71,99,2.53
111,Grafton,US,2021-02-16 22:57:59,42.207,-71.6856,41.0,87,75,16.11
112,Comodoro Rivadavia,AR,2021-02-16 22:57:59,-45.8667,-67.5,75.2,41,0,16.11
113,Valparaiso,CL,2021-02-16 22:57:59,-33.0393,-71.6273,66.2,63,20,6.91
114,Grand-Lahou,CI,2021-02-16 22:57:59,5.1367,-5.0242,79.25,87,85,5.53
115,Saint-Joseph,RE,2021-02-16 22:57:59,-21.3667,55.6167,78.8,78,0,5.75
116,Roald,NO,2021-02-16 22:58:00,62.5833,6.1333,41.0,60,90,13.8
117,Carutapera,BR,2021-02-16 22:58:00,-1.195,-46.02,75.16,93,100,5.41
118,Slave Lake,CA,2021-02-16 22:56:51,55.2834,-114.769,5.0,78,40,6.91
119,Pevek,RU,2021-02-16 22:58:00,69.7008,170.3133,-22.14,88,9,4.12
120,Omboue,GA,2021-02-16 22:58:00,-1.5746,9.2618,79.41,87,66,6.08
121,Salalah,OM,2021-02-16 22:58:00,17.0151,54.0924,69.8,73,0,4.61
122,Taltal,CL,2021-02-16 22:58:01,-25.4,-70.4833,68.36,68,10,5.26
123,Lavrentiya,RU,2021-02-16 22:58:01,65.5833,-171.0,-15.83,84,0,10.47
124,Tasiilaq,GL,2021-02-16 22:58:01,65.6145,-37.6368,32.0,86,90,21.85
125,Sao Jose Da Coroa Grande,BR,2021-02-16 22:58:01,-8.8978,-35.1478,79.48,80,78,12.5
126,College,US,2021-02-16 22:58:01,64.8569,-147.8028,12.0,85,90,1.23
127,Balkhash,KZ,2021-02-16 22:58:01,46.844,74.9804,23.31,97,90,6.62
128,Kodiak,US,2021-02-16 22:58:02,57.79,-152.4072,39.2,81,90,10.36
129,Pushkar,IN,2021-02-16 22:58:02,26.5,74.55,61.12,44,0,8.43
130,Yellowknife,CA,2021-02-16 22:58:02,62.456,-114.3525,-14.01,76,75,6.91
131,Cabo San Lucas,MX,2021-02-16 22:54:45,22.8909,-109.9124,75.99,56,1,24.16
132,Dikson,RU,2021-02-16 22:58:02,73.5069,80.5464,-28.3,86,95,11.03
133,Hilo,US,2021-02-16 22:58:02,19.7297,-155.09,80.6,61,75,11.5
134,Yarovoye,RU,2021-02-16 22:58:03,52.9273,78.58,22.03,97,100,11.88
135,Isla Mujeres,MX,2021-02-16 22:58:03,21.2311,-86.731,75.2,73,75,10.36
136,Sandpoint,US,2021-02-16 22:58:03,48.2766,-116.5533,28.4,80,90,4.61
137,Yeppoon,AU,2021-02-16 22:58:03,-23.1333,150.7333,78.8,57,42,10.36
138,Bambous Virieux,MU,2021-02-16 22:58:04,-20.3428,57.7575,78.01,94,20,5.75
139,Kloulklubed,PW,2021-02-16 22:58:04,7.0419,134.2556,78.8,94,90,13.8
140,Naze,JP,2021-02-16 22:58:04,28.3667,129.4833,53.6,62,75,12.66
141,Lanxi,CN,2021-02-16 22:58:04,29.2195,119.477,42.87,86,27,2.91
142,Porto Seguro,BR,2021-02-16 22:58:05,-16.4497,-39.0647,78.8,78,40,9.22
143,Saskylakh,RU,2021-02-16 22:58:05,71.9167,114.0833,-25.73,84,72,12.39
144,Kavaratti,IN,2021-02-16 22:58:05,10.5669,72.642,80.67,60,0,4.0
145,Letka,RU,2021-02-16 22:58:06,59.6011,49.4232,-4.34,91,100,4.27
146,Atuona,PF,2021-02-16 22:58:06,-9.8,-139.0333,79.16,78,20,14.34
147,Hithadhoo,MV,2021-02-16 22:58:06,-0.6,73.0833,81.32,72,99,3.38
148,Mizan Teferi,ET,2021-02-16 22:58:07,6.9833,35.5833,69.13,46,32,2.24
149,Inuvik,CA,2021-02-16 22:54:19,68.3499,-133.7218,-16.6,76,100,4.61
150,Kichera,RU,2021-02-16 22:58:07,55.9375,110.0997,-5.31,86,100,0.67
151,Bethel,US,2021-02-16 22:58:07,41.3712,-73.414,46.4,61,90,13.8
152,Saldanha,ZA,2021-02-16 22:58:07,-33.0117,17.9442,64.4,72,0,4.61
153,Avarua,CK,2021-02-16 22:58:08,-21.2078,-159.775,84.2,79,44,8.05
154,Bilma,NE,2021-02-16 22:58:08,18.6853,12.9164,56.43,38,0,15.57
155,Vaini,TO,2021-02-16 22:58:08,-21.2,-175.2,84.2,74,40,8.05
156,Mildura,AU,2021-02-16 22:58:08,-34.2,142.15,86.0,39,38,9.22
157,Ancud,CL,2021-02-16 22:58:09,-41.8697,-73.8203,61.0,63,90,4.61
158,Ostrovnoy,RU,2021-02-16 22:58:09,68.0531,39.5131,0.81,91,87,10.63
159,Pisco,PE,2021-02-16 22:58:10,-13.7,-76.2167,80.6,54,0,13.8
160,Kokstad,ZA,2021-02-16 22:58:10,-30.5472,29.4241,50.88,91,98,2.21
161,Kavieng,PG,2021-02-16 22:58:10,-2.5744,150.7967,83.39,76,29,14.58
162,Olafsvik,IS,2021-02-16 22:58:10,64.8945,-23.7142,38.62,78,100,10.8
163,Lusambo,CD,2021-02-16 22:58:10,-4.9667,23.45,71.31,92,100,1.81
164,Quatre Cocos,MU,2021-02-16 22:58:11,-20.2078,57.7625,78.01,94,20,5.75
165,Luderitz,NA,2021-02-16 22:58:11,-26.6481,15.1594,64.4,72,0,5.3
166,Shasta Lake,US,2021-02-16 22:58:11,40.6804,-122.3708,59.0,41,73,1.01
167,Lata,PT,2021-02-16 22:58:11,40.1629,-8.3327,55.99,93,100,3.0
168,Ladario,BR,2021-02-16 22:58:11,-19.0047,-57.6017,77.0,100,90,4.61
169,Bathsheba,BB,2021-02-16 22:58:12,13.2167,-59.5167,78.8,57,20,17.27
170,Vilhena,BR,2021-02-16 22:58:12,-12.7406,-60.1458,78.8,73,75,6.91
171,Kalmunai,LK,2021-02-16 22:56:25,7.4167,81.8167,73.18,83,38,5.32
172,Thompson,CA,2021-02-16 22:58:12,55.7435,-97.8558,8.6,56,20,5.75
173,Yeniseysk,RU,2021-02-16 22:58:12,58.4497,92.1703,7.86,95,98,2.68
174,Istanbul,TR,2021-02-16 22:56:47,41.0351,28.9833,32.0,59,75,14.97
175,Carnarvon,AU,2021-02-16 22:58:13,-24.8667,113.6333,75.2,100,75,21.85
176,Pavlodar,KZ,2021-02-16 22:58:13,52.3,76.95,21.2,86,90,11.18
177,Salani,IN,2021-02-16 22:58:13,29.957,79.7127,45.64,49,0,4.61
178,Itoman,JP,2021-02-16 22:58:13,26.1247,127.6694,57.2,88,75,31.07
179,Puerto Colombia,CO,2021-02-16 22:58:13,10.9878,-74.9547,84.2,70,0,13.8
180,Teknaf,BD,2021-02-16 22:58:14,20.8624,92.3058,62.15,68,0,6.53
181,Karratha,AU,2021-02-16 22:58:14,-20.7377,116.8463,81.16,74,97,6.2
182,George,ZA,2021-02-16 22:58:14,-33.963,22.4617,59.0,88,0,2.3
183,Sao Joao Da Barra,BR,2021-02-16 22:58:14,-21.6403,-41.0511,76.77,89,0,14.29
184,Sangueya,GN,2021-02-16 22:58:15,10.7,-14.3667,70.07,87,53,2.46
185,Dhidhdhoo,MV,2021-02-16 22:58:15,6.8833,73.1,80.64,67,64,7.02
186,Montague,US,2021-02-16 22:58:16,42.5356,-72.5351,37.0,98,100,3.0
187,Nokaneng,BW,2021-02-16 22:58:16,-19.6667,22.2667,69.21,92,100,7.4
188,Ust-Kuyga,RU,2021-02-16 22:58:17,70.0167,135.6,-26.66,81,92,0.87
189,Kurilsk,RU,2021-02-16 22:58:17,45.2333,147.8833,23.85,86,100,15.88
190,Narsaq,GL,2021-02-16 22:58:17,60.9167,-46.05,19.4,45,75,2.3
191,Sorland,NO,2021-02-16 22:58:17,67.667,12.6934,32.43,88,0,20.69
192,Tourlaville,FR,2021-02-16 22:58:17,49.6383,-1.5664,48.99,87,90,17.27
193,Mahebourg,MU,2021-02-16 22:55:09,-20.4081,57.7,77.0,94,20,5.75
194,Saint George,US,2021-02-16 22:58:18,37.1041,-113.5841,55.99,26,40,21.85
195,Biscarrosse,FR,2021-02-16 22:58:18,44.3945,-1.1672,42.8,100,90,2.3
196,Kytmanovo,RU,2021-02-16 22:58:18,53.4593,85.4479,31.03,98,100,16.51
197,Mbale,UG,2021-02-16 22:58:18,1.0821,34.175,71.96,61,96,4.36
198,Fort Nelson,CA,2021-02-16 22:53:46,58.8053,-122.7002,8.6,56,20,5.75
199,Waddan,LY,2021-02-16 22:58:19,29.1614,16.139,43.41,74,0,6.35
200,Uchaly,RU,2021-02-16 22:58:19,54.2996,59.4521,-17.86,85,67,4.65
201,Poum,NC,2021-02-16 22:58:19,-20.2333,164.0167,81.48,78,11,4.9
202,Litomysl,CZ,2021-02-16 22:58:19,49.8681,16.313,28.99,63,100,5.01
203,Port Elizabeth,ZA,2021-02-16 22:58:19,-33.918,25.5701,66.2,68,0,10.36
204,Port Hardy,CA,2021-02-16 22:58:21,50.6996,-127.4199,44.6,76,75,12.66
205,Dingle,PH,2021-02-16 22:58:21,10.9995,122.6711,74.61,87,78,7.52
206,Namibe,AO,2021-02-16 22:58:22,-15.1961,12.1522,74.25,73,4,4.63
207,Shingu,JP,2021-02-16 22:58:22,33.7333,135.9833,41.0,70,75,18.41
208,Ilulissat,GL,2021-02-16 22:58:22,69.2167,-51.1,1.4,66,75,6.91
209,Zonguldak,TR,2021-02-16 22:54:31,41.25,31.8333,21.15,99,96,0.96
210,Tarija,BO,2021-02-16 22:58:23,-21.5355,-64.7296,68.0,68,40,10.36
211,Norman Wells,CA,2021-02-16 22:58:23,65.282,-126.8329,-11.2,77,75,3.44
212,Carberry,CA,2021-02-16 22:58:23,49.8689,-99.3602,3.2,47,20,10.36
213,Charyshskoye,RU,2021-02-16 22:58:24,51.3978,83.5598,29.34,88,12,6.51
214,Muravlenko,RU,2021-02-16 22:58:24,63.7898,74.523,-30.01,85,35,8.12
215,Natal,BR,2021-02-16 22:58:24,-5.795,-35.2094,80.6,78,40,8.05
216,Skibbereen,IE,2021-02-16 22:58:24,51.55,-9.2667,46.4,93,75,24.16
217,Birao,CF,2021-02-16 22:58:25,10.2849,22.7882,77.67,16,47,8.68
218,Laguna,US,2021-02-16 22:58:25,38.421,-121.4238,61.0,44,1,10.36
219,Leshukonskoye,RU,2021-02-16 22:58:26,64.8989,45.7622,-28.46,84,12,3.6
220,Port Alfred,ZA,2021-02-16 22:58:26,-33.5906,26.891,63.3,72,44,10.4
221,Ribeira Grande,PT,2021-02-16 22:58:28,38.5167,-28.7,59.0,74,100,20.4
222,Torbay,CA,2021-02-16 22:58:28,47.6666,-52.7314,26.01,86,90,2.3
223,Bengkulu,ID,2021-02-16 22:58:28,-3.8004,102.2655,76.35,84,100,4.72
224,Palasa,IN,2021-02-16 22:55:28,18.7667,84.4167,69.03,83,0,6.26
225,Baturaja,ID,2021-02-16 22:58:28,-4.1333,104.1667,73.87,96,100,1.83
226,Sisimiut,GL,2021-02-16 22:58:28,66.9395,-53.6735,1.62,83,12,7.94
227,Katobu,ID,2021-02-16 22:58:29,-4.9408,122.5276,78.12,87,100,1.16
228,Guerrero Negro,MX,2021-02-16 22:58:29,27.9769,-114.0611,62.33,63,98,19.51
229,Maraa,BR,2021-02-16 22:58:29,-1.8333,-65.3667,80.8,68,60,2.55
230,Waipawa,NZ,2021-02-16 22:58:29,-41.4122,175.5153,63.0,58,90,18.41
231,Cayenne,GF,2021-02-16 22:57:16,4.9333,-52.3333,78.8,69,0,5.75
232,Les Cayes,HT,2021-02-16 22:58:30,18.2,-73.75,77.23,73,3,7.05
233,Rosario Do Sul,BR,2021-02-16 22:58:30,-30.2583,-54.9142,70.47,63,1,7.78
234,Bandarbeyla,SO,2021-02-16 22:53:32,9.4942,50.8122,74.71,73,20,8.79
235,Arvi,IN,2021-02-16 22:58:30,20.9833,78.2333,72.25,41,64,11.39
236,Kashmor,PK,2021-02-16 22:58:31,28.4333,69.5833,62.71,28,0,7.94
237,Fushan,CN,2021-02-16 22:58:31,37.4958,121.2581,19.38,84,97,23.04
238,Husavik,IS,2021-02-16 22:58:31,66.0449,-17.3389,35.6,87,75,4.41
239,Faya,SA,2021-02-16 22:58:31,18.3851,42.4509,62.6,31,0,3.56
240,Provideniya,RU,2021-02-16 22:58:31,64.3833,-173.3,-0.4,65,0,17.9
241,Faanui,PF,2021-02-16 22:58:32,-16.4833,-151.75,82.22,66,1,8.43
242,Los Llanos De Aridane,ES,2021-02-16 22:58:32,28.6585,-17.9182,64.4,59,20,8.05
243,Oranjemund,NA,2021-02-16 22:58:32,-28.55,16.4333,63.81,73,0,6.62
244,Suixi,CN,2021-02-16 22:58:32,33.8907,116.7747,28.81,78,0,5.08
245,Iranshahr,IR,2021-02-16 22:58:33,27.2025,60.6848,55.69,35,0,2.95
246,Erenhot,CN,2021-02-16 22:58:33,43.6475,111.9767,-8.12,81,0,3.24
247,Fenton,US,2021-02-16 22:58:33,42.7978,-83.7049,15.8,53,1,10.36
248,Linjiang,CN,2021-02-16 22:58:33,41.8069,126.9078,0.16,84,100,5.73
249,Zhigalovo,RU,2021-02-16 22:58:34,54.8097,105.1578,5.05,91,100,3.0
250,Cabedelo,BR,2021-02-16 22:58:34,-6.9811,-34.8339,80.6,83,75,9.22
251,Marburg,DE,2021-02-16 22:58:34,50.8167,8.7667,37.99,89,97,6.2
252,Lasam,PH,2021-02-16 22:58:35,18.0652,121.6006,68.99,90,81,0.27
253,Nadym,RU,2021-02-16 22:58:35,65.5333,72.5167,-24.07,87,93,9.22
254,Chapais,CA,2021-02-16 22:58:35,49.7834,-74.8492,3.2,78,90,10.36
255,Thap Than,TH,2021-02-16 22:58:35,15.4606,99.8917,78.01,96,43,6.44
256,Ponta Delgada,PT,2021-02-16 22:58:35,37.7333,-25.6667,57.99,72,20,11.5
257,Nicoya,CR,2021-02-16 22:58:35,10.1483,-85.452,87.8,48,0,21.85
258,Alofi,NU,2021-02-16 22:58:36,-19.0595,-169.9187,86.0,70,75,8.05
259,Khovu-Aksy,RU,2021-02-16 22:58:36,51.1333,93.6,8.37,84,89,7.31
260,Buala,SB,2021-02-16 22:58:36,-8.145,159.5921,85.5,69,77,3.91
261,Toamasina,MG,2021-02-16 22:58:36,-18.1667,49.3833,77.0,100,40,4.61
262,Arraial Do Cabo,BR,2021-02-16 22:57:37,-22.9661,-42.0278,77.14,81,0,6.31
263,Hwange,ZW,2021-02-16 22:58:37,-18.3693,26.5019,67.91,92,100,2.98
264,Bairiki,KI,2021-02-16 22:58:37,1.3292,172.9752,82.4,83,40,10.36
265,Constitucion,CL,2021-02-16 22:58:37,-35.3333,-72.4167,58.12,79,67,9.6
266,Tura,IN,2021-02-16 22:58:37,25.5198,90.2201,60.67,38,2,1.99
267,Cherskiy,RU,2021-02-16 22:58:38,68.75,161.3,-23.98,87,0,1.48
268,Two Rivers,US,2021-02-16 22:58:38,44.1539,-87.5693,17.6,53,1,10.36
269,Batsfjord,NO,2021-02-16 22:58:39,70.6345,29.7185,15.8,67,0,3.44
270,Kenai,US,2021-02-16 22:58:39,60.5544,-151.2583,28.4,80,90,6.91
271,Kaseda,JP,2021-02-16 22:58:39,31.4167,130.3167,37.4,75,75,18.41
272,Praia Da Vitoria,PT,2021-02-16 22:57:26,38.7333,-27.0667,57.2,77,20,11.74
273,Nyurba,RU,2021-02-16 22:58:39,63.2842,118.3319,-30.03,83,27,3.87
274,Nishihara,JP,2021-02-16 22:58:40,26.1842,127.7558,57.2,88,75,31.07
275,Sitka,US,2021-02-16 22:58:40,57.0531,-135.33,37.4,81,90,4.61
276,Xining,CN,2021-02-16 22:58:41,36.6167,101.7667,24.58,78,100,1.63
277,Ilhabela,BR,2021-02-16 22:58:41,-23.7781,-45.3581,77.14,80,13,5.66
278,Erzin,TR,2021-02-16 22:58:41,36.9559,36.2,44.01,78,100,8.01
279,Ballina,AU,2021-02-16 22:58:41,-28.8667,153.5667,75.2,69,40,18.41
280,San Severino Marche,IT,2021-02-16 22:58:41,43.2281,13.1802,43.0,75,17,6.15
281,Jinchang,CN,2021-02-16 22:58:42,38.4953,102.1739,31.82,73,100,2.39
282,Tarrega,ES,2021-02-16 22:58:42,41.647,1.1396,50.0,90,69,1.36
283,Hasaki,JP,2021-02-16 22:58:42,35.7333,140.8333,48.99,46,20,12.66
284,New Norfolk,AU,2021-02-16 22:58:43,-42.7826,147.0587,69.01,62,4,1.01
285,Victor Harbor,AU,2021-02-16 22:58:43,-35.5667,138.6167,89.01,35,13,1.99
286,Aden,YE,2021-02-16 22:58:00,12.7794,45.0367,76.14,70,60,15.97
287,Gimli,CA,2021-02-16 22:58:43,50.6336,-96.9907,-0.4,50,11,9.22
288,Osoyoos,CA,2021-02-16 22:58:43,49.0331,-119.4524,30.2,64,100,5.75
289,San Policarpo,PH,2021-02-16 22:58:43,12.1791,125.5072,78.26,87,100,12.71
290,Debe,TT,2021-02-16 22:58:44,10.2,-61.45,79.0,83,79,1.01
291,Rawson,AR,2021-02-16 22:58:44,-43.3002,-65.1023,73.62,35,0,20.36
292,Baykit,RU,2021-02-16 22:58:45,61.67,96.37,-7.94,87,100,1.57
293,Kyra,RU,2021-02-16 22:58:45,49.5776,111.9753,-10.52,81,40,2.19
294,Aklavik,CA,2021-02-16 22:58:45,68.2191,-135.0107,-14.8,70,75,8.05
295,Menongue,AO,2021-02-16 22:58:45,-14.6585,17.691,62.31,81,2,2.33
296,The Pas,CA,2021-02-16 22:58:46,53.8251,-101.2541,5.0,47,1,9.22
297,Lalmohan,BD,2021-02-16 22:58:46,22.3384,90.7419,68.59,58,0,4.92
298,Azul,AR,2021-02-16 22:58:46,-36.777,-59.8585,65.05,57,37,8.21
299,Khvastovichi,RU,2021-02-16 22:58:46,53.4694,35.0941,6.4,94,100,11.12
300,Amatan,MX,2021-02-16 22:58:46,17.35,-92.75,72.48,83,68,2.51
301,Sao Felix Do Xingu,BR,2021-02-16 22:58:47,-6.6447,-51.995,73.6,94,98,1.68
302,Rock Sound,BS,2021-02-16 22:58:48,24.9,-76.2,76.87,84,0,11.86
303,Sechura,PE,2021-02-16 22:58:48,-5.5569,-80.8222,82.24,55,7,16.93
304,Yakeshi,CN,2021-02-16 22:58:06,49.2833,120.7333,-24.03,84,39,4.88
305,Mill Valley,US,2021-02-16 22:58:49,37.906,-122.545,57.0,58,33,5.99
306,Lebu,CL,2021-02-16 22:58:49,-37.6167,-73.65,57.54,74,0,11.68
307,Codrington,AU,2021-02-16 22:58:49,-38.2667,141.9667,82.42,38,1,8.43
308,Madingou,CG,2021-02-16 22:58:50,-4.1536,13.55,74.44,94,100,2.44
309,Terney,RU,2021-02-16 22:58:50,45.0503,136.6092,12.88,88,100,18.03
310,Henties Bay,NA,2021-02-16 22:58:51,-22.116,14.2845,63.0,89,0,1.99
311,Burnie,AU,2021-02-16 22:58:51,-41.0667,145.9167,62.83,73,95,12.19
312,Weingarten,DE,2021-02-16 22:58:51,47.8,9.6333,39.99,100,90,1.14
313,Tecoanapa,MX,2021-02-16 22:58:52,16.5167,-98.75,79.12,59,0,10.63
314,Korla,CN,2021-02-16 22:58:52,41.7597,86.1469,30.9,85,24,2.91
315,Katangli,RU,2021-02-16 22:58:52,51.7102,143.2326,21.38,97,100,34.76
316,Farafangana,MG,2021-02-16 22:58:53,-22.8167,47.8333,73.96,94,100,6.2
317,Catuday,PH,2021-02-16 22:58:53,16.2923,119.8062,76.03,77,53,9.86
318,Port-Cartier,CA,2021-02-16 22:58:53,50.0334,-66.8654,15.01,62,90,2.3
319,Bousso,TD,2021-02-16 22:58:53,10.4795,16.7117,72.97,20,0,10.4
320,Isiro,CD,2021-02-16 22:58:54,2.7739,27.616,73.8,68,100,3.53
321,Atherton,GB,2021-02-16 22:58:56,53.5237,-2.4935,43.0,85,16,3.0
322,Mount Isa,AU,2021-02-16 22:58:56,-20.7333,139.5,80.6,69,75,11.5
323,Orchard Homes,US,2021-02-16 22:58:56,46.8633,-114.0484,33.01,74,90,3.44
324,Caravelas,BR,2021-02-16 22:58:57,-17.7125,-39.2481,78.8,79,97,11.05
325,Margate,GB,2021-02-16 22:58:57,51.3813,1.3862,46.99,81,12,3.0
326,Pochutla,MX,2021-02-16 22:58:57,15.7432,-96.4661,82.4,54,20,11.5
327,Sambava,MG,2021-02-16 22:54:11,-14.2667,50.1667,77.36,91,100,4.05
328,Nam Dinh,VN,2021-02-16 22:58:02,20.4167,106.1667,66.94,84,100,4.29
329,Chato,TZ,2021-02-16 22:58:58,-2.6378,31.7669,63.77,92,73,2.86
330,Egvekinot,RU,2021-02-16 22:58:58,66.3167,-179.1667,-12.95,88,55,12.26
331,Beidao,CN,2021-02-16 22:58:58,34.5686,105.8933,36.03,66,79,1.74
332,Wasilla,US,2021-02-16 22:58:59,61.5814,-149.4394,26.01,86,90,3.44
333,Houma,US,2021-02-16 22:58:59,29.5958,-90.7195,35.6,60,40,1.45
334,Verkhnyaya Inta,RU,2021-02-16 22:58:59,65.9811,60.3094,-34.04,83,43,3.94
335,Watertown,US,2021-02-16 22:58:59,42.3709,-71.1828,39.0,100,90,10.11
336,Lagoa,PT,2021-02-16 22:59:00,39.05,-27.9833,58.1,78,100,23.15
337,Agadez,NE,2021-02-16 22:59:00,19.75,10.25,54.21,38,0,19.93
338,Sorong,ID,2021-02-16 22:59:00,-0.8833,131.25,80.19,83,77,4.7
339,Balkanabat,TM,2021-02-16 22:59:00,39.5108,54.3671,55.47,41,0,2.82
340,Hamilton,US,2021-02-16 22:59:00,39.1834,-84.5333,19.99,63,90,8.05
341,Grand Gaube,MU,2021-02-16 22:59:01,-20.0064,57.6608,78.01,88,97,1.99
342,Mumford,GH,2021-02-16 22:59:01,5.2618,-0.759,81.36,83,100,10.56
343,Urusha,RU,2021-02-16 22:59:01,54.05,122.9,-23.04,82,12,3.42
344,Kaeo,NZ,2021-02-16 22:59:02,-35.1,173.7833,73.0,66,51,7.0
345,Vardo,NO,2021-02-16 22:59:02,70.3705,31.1107,15.8,73,100,19.57
346,Barquisimeto,VE,2021-02-16 22:59:02,10.0739,-69.3228,80.6,57,40,8.05
347,Nkhata Bay,MW,2021-02-16 22:59:02,-11.6066,34.2907,79.57,66,100,6.15
348,Richards Bay,ZA,2021-02-16 22:59:03,-28.783,32.0377,67.19,79,11,10.87
349,Isla Vista,US,2021-02-16 22:59:03,34.4133,-119.861,68.0,40,1,21.85
350,Vila,PT,2021-02-16 22:59:03,42.0304,-8.1588,45.0,93,100,1.01
351,Northam,GB,2021-02-16 22:59:03,51.0333,-4.2167,48.99,90,51,11.01
352,Alyangula,AU,2021-02-16 22:59:03,-13.8483,136.4192,78.8,100,100,2.24
353,Rondonopolis,BR,2021-02-16 22:59:03,-16.4708,-54.6356,73.78,92,97,0.81
354,Bosaso,SO,2021-02-16 22:59:04,11.2842,49.1816,73.35,71,54,4.05
355,Kilindoni,TZ,2021-02-16 22:59:04,-7.9139,39.6668,80.4,82,84,17.52
356,Beloha,MG,2021-02-16 22:59:05,-25.1667,45.05,73.65,84,68,11.5
357,Mocuba,MZ,2021-02-16 22:59:05,-16.8392,36.9856,72.99,96,100,4.12
358,Aasiaat,GL,2021-02-16 22:59:06,68.7098,-52.8699,-5.73,89,38,5.14
359,Kununurra,AU,2021-02-16 22:59:06,-15.7667,128.7333,80.6,64,82,3.44
360,Saint Peters,US,2021-02-16 22:59:06,38.8003,-90.6265,17.6,49,1,6.91
361,Petatlan,MX,2021-02-16 22:59:07,17.5167,-101.2667,80.6,65,40,8.05
362,San Carlos De Bariloche,AR,2021-02-16 22:59:07,-41.1456,-71.3082,69.8,37,20,21.85
363,Ouahigouya,BF,2021-02-16 22:54:20,13.5828,-2.4216,82.72,14,7,9.37
364,Luebo,CD,2021-02-16 22:59:08,-5.35,21.4167,71.92,92,100,1.39
365,Kota Belud,MY,2021-02-16 22:59:08,6.351,116.4305,75.0,94,20,2.3
366,Krasnoarmeysk,RU,2021-02-16 22:59:08,51.0239,45.6969,-6.18,91,100,2.26
367,Ligayan,PH,2021-02-16 22:59:09,4.6533,119.4706,81.37,82,34,16.91
368,Sarangani,PH,2021-02-16 22:59:09,5.4033,125.4636,81.68,75,100,4.09
369,Biak,ID,2021-02-16 22:59:09,-0.9131,122.8766,78.66,73,95,2.26
370,Souillac,MU,2021-02-16 22:59:10,-20.5167,57.5167,77.0,94,20,5.75
371,Te Anau,NZ,2021-02-16 22:59:10,-45.4167,167.7167,57.61,48,5,1.59
372,Luwuk,ID,2021-02-16 22:59:11,-0.9516,122.7875,80.11,68,92,2.82
373,Maltahohe,NA,2021-02-16 22:59:11,-24.8333,16.9833,70.02,30,0,6.64
374,Kayes,ML,2021-02-16 22:59:11,14.0,-11.0,81.5,15,22,7.14
375,Mujiayingzi,CN,2021-02-16 22:59:12,42.1167,118.7833,-1.52,66,0,16.28
376,Parabel,RU,2021-02-16 22:59:12,58.6978,81.4825,-6.45,91,95,6.46
377,Banda Aceh,ID,2021-02-16 22:55:03,5.5577,95.3222,77.61,81,58,11.07
378,Sistranda,NO,2021-02-16 22:59:12,63.7256,8.834,33.8,64,0,34.52
379,Great Falls,US,2021-02-16 22:58:36,47.5002,-111.3008,21.0,73,90,3.02
380,Zhuhai,CN,2021-02-16 22:59:13,22.2769,113.5678,66.2,77,0,17.27
381,Ituiutaba,BR,2021-02-16 22:59:13,-18.9689,-49.465,74.93,81,81,2.73
382,Krasnogorskoye,RU,2021-02-16 22:59:13,52.2953,86.1979,24.76,93,99,3.13
383,Meulaboh,ID,2021-02-16 22:59:13,4.1363,96.1285,76.84,80,45,5.26
384,Coihaique,CL,2021-02-16 22:59:13,-45.5752,-72.0662,60.8,44,75,9.22
385,San Patricio,US,2021-02-16 22:59:14,28.017,-97.5169,33.8,69,90,13.8
386,Belmonte,BR,2021-02-16 22:59:14,-15.8631,-38.8828,78.8,78,40,9.22
387,Mudon,MM,2021-02-16 22:59:14,16.2578,97.7164,68.25,91,6,2.8
388,Klaksvik,FO,2021-02-16 22:59:14,62.2266,-6.589,44.6,93,90,18.41
389,Kalemie,CD,2021-02-16 22:59:14,-5.9475,29.1947,72.64,82,100,2.13
390,Homer,US,2021-02-16 22:59:14,59.6425,-151.5483,37.4,87,75,3.74
391,Ahipara,NZ,2021-02-16 22:59:15,-35.1667,173.1667,72.81,57,68,8.05
392,Asau,RO,2021-02-16 22:59:15,46.4333,26.4,16.0,65,8,4.52
393,Gravelbourg,CA,2021-02-16 22:59:15,49.8834,-106.5512,8.6,56,100,3.44
394,Andenes,NO,2021-02-16 22:59:16,69.3143,16.1194,26.6,80,0,10.36
395,Tyrma,RU,2021-02-16 22:59:16,50.0833,132.1667,10.99,88,100,6.44
396,Omsukchan,RU,2021-02-16 22:59:16,62.5333,155.8,-21.87,83,70,4.72
397,Gobabis,NA,2021-02-16 22:59:16,-22.45,18.9667,70.23,26,100,8.19
398,Azad Shahr,IR,2021-02-16 22:54:21,34.7909,48.5707,47.26,51,78,10.67
399,Qasigiannguit,GL,2021-02-16 22:59:17,68.8193,-51.1922,1.4,66,75,6.91
400,Gondanglegi,ID,2021-02-16 22:59:17,-7.7479,112.0132,75.63,87,100,1.16
401,Isangel,VU,2021-02-16 22:59:17,-19.55,169.2667,86.0,79,40,5.75
402,Yulara,AU,2021-02-16 22:59:18,-25.2406,130.9889,77.0,33,0,10.36
403,Athabasca,CA,2021-02-16 22:59:18,54.7169,-113.2854,3.2,66,100,4.61
404,Nuuk,GL,2021-02-16 22:59:19,64.1835,-51.7216,8.6,61,20,11.5
405,Inhambane,MZ,2021-02-16 22:59:19,-23.865,35.3833,79.59,83,93,19.08
406,Saint-Pierre,RE,2021-02-16 22:59:19,-21.3393,55.4781,78.8,78,0,5.75
407,Bonga,ET,2021-02-16 22:59:19,7.2833,36.2333,62.46,65,48,1.52
408,Hay River,CA,2021-02-16 22:58:44,60.8156,-115.7999,-11.2,70,98,5.75
409,Mitsamiouli,KM,2021-02-16 22:59:20,-11.3847,43.2844,81.66,80,96,15.23
410,Tyukhtet,RU,2021-02-16 22:59:20,56.5389,89.3011,25.39,98,100,6.87
411,Leningradskiy,RU,2021-02-16 22:59:20,69.3833,178.4167,-17.39,87,87,4.21
412,Panguipulli,CL,2021-02-16 22:59:20,-39.6333,-72.3333,64.4,48,0,11.5
413,Talaya,RU,2021-02-16 22:59:21,61.3833,152.75,-21.68,84,100,2.91
414,Mankera,PK,2021-02-16 22:59:21,31.3866,71.4407,59.92,33,0,4.03
415,Karwar,IN,2021-02-16 22:56:12,14.8,74.1333,71.53,88,33,9.15
416,Wainwright,CA,2021-02-16 22:59:21,52.839,-110.8572,1.4,60,100,2.3
417,Itatiba,BR,2021-02-16 22:59:22,-23.0058,-46.8389,82.4,54,40,9.22
418,Madimba,TZ,2021-02-16 22:59:22,-10.4,40.3333,80.31,80,87,13.0
419,Sarai Sidhu,PK,2021-02-16 22:59:22,30.5949,71.9698,59.0,82,0,3.76
420,Timra,SE,2021-02-16 22:59:23,62.487,17.3257,26.01,79,90,3.44
421,San Rafael,AR,2021-02-16 22:59:23,-34.6177,-68.3301,79.99,34,28,10.69
422,Dulce Nombre De Culmi,HN,2021-02-16 22:59:23,15.1,-85.5333,87.8,48,75,2.3
423,Pangody,RU,2021-02-16 22:59:23,65.85,74.4859,-23.64,87,98,8.59
424,High Level,CA,2021-02-16 22:59:24,58.5169,-117.136,5.0,66,75,1.39
425,Dukat,RU,2021-02-16 22:59:25,62.55,155.55,-22.59,85,77,3.85
426,Juneau,US,2021-02-16 22:54:47,58.3019,-134.4197,24.8,86,90,3.65
427,Glenwood Springs,US,2021-02-16 22:59:26,39.5505,-107.3248,35.01,86,93,7.52
428,Coquimbo,CL,2021-02-16 22:59:26,-29.9533,-71.3436,68.0,56,0,11.5
429,Cadillac,US,2021-02-16 22:59:26,44.2519,-85.4012,14.0,44,1,8.05
430,Vestmannaeyjar,IS,2021-02-16 22:59:26,63.4427,-20.2734,40.44,84,100,13.0
431,Ambulu,ID,2021-02-16 22:59:27,-8.345,113.6058,76.66,85,100,2.57
432,Alugan,PH,2021-02-16 22:59:27,12.2188,125.4808,77.85,88,100,12.41
433,Soc Trang,VN,2021-02-16 22:59:27,9.6033,105.98,71.6,100,20,9.22
434,Lubbenau,DE,2021-02-16 22:59:27,51.8667,13.9667,37.0,90,100,1.99
435,Sao Gabriel Da Cachoeira,BR,2021-02-16 22:59:28,-0.1303,-67.0892,79.38,81,98,1.5
436,Pemangkat,ID,2021-02-16 22:59:28,1.1667,108.9667,74.7,84,74,7.09
437,Carlsbad,US,2021-02-16 22:59:29,33.1581,-117.3506,64.4,67,1,9.22
438,Novoblagodarnoye,RU,2021-02-16 22:59:29,44.1433,42.875,15.8,92,90,6.71
439,Havre-Saint-Pierre,CA,2021-02-16 22:59:29,50.2334,-63.5986,10.4,67,90,6.91
440,Kostomuksha,RU,2021-02-16 22:59:29,64.571,30.5767,-15.93,88,10,3.38
441,Pemba,MZ,2021-02-16 22:55:09,-12.974,40.5178,78.8,89,75,13.8
442,Hambantota,LK,2021-02-16 22:59:29,6.1241,81.1185,74.28,82,5,11.48
443,Terrace,CA,2021-02-16 22:55:04,54.5163,-128.6035,32.0,74,75,2.3
444,Udon Thani,TH,2021-02-16 22:59:30,17.3333,102.8333,73.0,63,26,6.08
445,Kharakvasla,IN,2021-02-16 22:59:30,18.4333,73.7667,65.93,66,0,2.04
446,Vila Do Maio,CV,2021-02-16 22:59:30,15.1333,-23.2167,73.4,64,63,13.8
447,Urumqi,CN,2021-02-16 22:58:05,43.801,87.6005,14.0,92,90,4.47
448,Strabychovo,UA,2021-02-16 22:56:10,48.3925,22.5431,24.01,59,100,7.78
449,Mnogovershinnyy,RU,2021-02-16 22:59:31,53.9353,139.9242,-1.93,93,100,13.98
450,Warmbad,NA,2021-02-16 22:59:32,-28.45,18.7333,77.43,20,0,2.68
451,Kazanka,UA,2021-02-16 22:59:32,47.8462,32.8218,1.4,92,0,4.32
452,Alice Springs,AU,2021-02-16 22:59:05,-23.7,133.8833,87.01,39,36,4.61
453,Upata,VE,2021-02-16 22:59:32,8.0086,-62.3989,78.01,77,100,3.0
454,Kampong Cham,KH,2021-02-16 22:59:32,11.9934,105.4635,70.23,82,9,5.7
455,Harper,LR,2021-02-16 22:59:33,4.375,-7.7169,79.39,85,87,6.08
456,Lorengau,PG,2021-02-16 22:59:33,-2.0226,147.2712,80.92,75,91,5.06
457,Maracacume,BR,2021-02-16 22:59:33,-2.0428,-45.9592,73.6,97,100,3.53
458,Vyartsilya,RU,2021-02-16 22:59:34,62.1764,30.693,-8.88,89,2,6.76
459,Yamethin,MM,2021-02-16 22:59:34,20.4333,96.15,64.38,45,0,2.13
460,Orlik,RU,2021-02-16 22:59:35,52.5178,99.825,11.14,83,97,4.5
461,Bensonville,LR,2021-02-16 22:59:35,6.4461,-10.6125,77.0,90,95,3.62
462,Severo-Kurilsk,RU,2021-02-16 22:59:35,50.6789,156.125,32.16,96,100,15.61
463,Broken Hill,AU,2021-02-16 22:59:35,-31.95,141.4333,78.8,38,60,14.97
464,Buraydah,SA,2021-02-16 22:59:35,26.326,43.975,71.6,35,0,14.97
465,Miraflores,MX,2021-02-16 22:59:36,19.2167,-98.8083,75.2,10,75,11.5
466,Ambon,ID,2021-02-16 22:59:36,-3.6954,128.1814,77.0,88,20,5.75
467,Chuy,UY,2021-02-16 22:59:36,-33.6971,-53.4616,67.71,91,38,6.4
468,Katsuura,JP,2021-02-16 22:59:37,35.1333,140.3,48.99,43,9,15.01
469,Atar,MR,2021-02-16 22:59:37,20.5169,-13.0499,69.67,24,48,10.27
470,Bonthe,SL,2021-02-16 22:59:37,7.5264,-12.505,79.61,83,73,7.7
471,Neiafu,TO,2021-02-16 22:59:38,-18.65,-173.9833,82.4,78,40,4.61
472,Kutum,SD,2021-02-16 22:59:38,14.2,24.6667,58.98,33,5,24.56
473,Sobolevo,RU,2021-02-16 22:59:38,54.4299,31.8996,12.49,96,100,11.92
474,Makakilo City,US,2021-02-16 22:59:38,21.3469,-158.0858,80.6,69,1,8.05
475,Sampit,ID,2021-02-16 22:59:39,-2.5333,112.95,70.86,94,91,2.35
476,La Rioja,ES,2021-02-16 22:59:39,42.25,-2.5,46.4,93,75,3.44
477,Cerro Largo,BR,2021-02-16 22:59:39,-28.1486,-54.7381,70.05,75,0,3.76
478,Adrar,MR,2021-02-16 22:59:40,20.5022,-10.0711,68.04,24,98,9.6
479,Pijijiapan,MX,2021-02-16 22:59:41,15.7011,-93.23,85.3,45,2,5.68
480,Baiyin,CN,2021-02-16 22:59:41,36.5583,104.2081,30.0,41,0,6.71
481,Juegang,CN,2021-02-16 22:59:41,32.3174,121.1855,35.01,61,0,1.01
482,Carballo,ES,2021-02-16 22:59:41,43.213,-8.691,51.01,87,0,8.05
483,Calvinia,ZA,2021-02-16 22:59:42,-31.4707,19.776,63.73,32,0,7.52
484,Kahului,US,2021-02-16 22:58:01,20.8947,-156.47,78.8,61,40,8.05
485,Vao,NC,2021-02-16 22:59:42,-22.6667,167.4833,80.96,84,71,8.1
486,Formosa,AR,2021-02-16 22:59:43,-26.1775,-58.1781,84.2,58,0,6.91
487,Padang,ID,2021-02-16 22:59:43,-0.9492,100.3543,71.6,94,20,2.3
488,Togur,RU,2021-02-16 22:59:43,58.3631,82.8265,-1.82,93,99,5.64
489,Oppdal,NO,2021-02-16 22:59:43,62.5943,9.6912,17.73,89,100,19.55
490,Ruwi,OM,2021-02-16 22:59:44,23.5996,58.5507,69.8,88,0,2.3
491,Kuching,MY,2021-02-16 22:59:44,1.55,110.3333,73.4,94,20,2.3
492,Dhanaula,IN,2021-02-16 22:59:45,30.2833,75.5833,53.8,47,0,1.88
493,Jumla,NP,2021-02-16 22:59:45,29.2747,82.1838,33.51,78,0,3.33
494,Unai,BR,2021-02-16 22:59:46,-16.3575,-46.9061,73.02,87,92,3.13
495,Ormond Beach,US,2021-02-16 22:57:10,29.2858,-81.0559,71.6,40,1,6.91
496,Uspenka,UA,2021-02-16 22:59:46,48.3903,39.1619,13.35,87,0,5.61
497,Basoko,CD,2021-02-16 22:59:46,1.2391,23.616,73.8,89,100,2.06
498,Kodinsk,RU,2021-02-16 22:59:47,58.6881,99.1844,16.83,96,100,3.47
499,Minab,IR,2021-02-16 22:59:47,27.1467,57.0801,59.0,82,0,6.91
500,Kumbo,CM,2021-02-16 22:59:47,6.2,10.6667,61.7,30,0,4.07
501,Vaitape,PF,2021-02-16 22:59:47,-16.5167,-151.75,82.2,66,1,8.43
502,Vila Franca Do Campo,PT,2021-02-16 22:59:48,37.7167,-25.4333,57.99,72,20,11.5
503,Nurota,UZ,2021-02-16 22:59:48,40.5614,65.6886,41.0,60,0,11.5
504,Prince Rupert,CA,2021-02-16 22:59:48,54.3161,-130.3201,37.4,64,90,4.61
505,Jalu,LY,2021-02-16 22:59:48,29.0331,21.5482,45.03,57,0,11.68
506,Ossipee,US,2021-02-16 22:59:49,43.6854,-71.1167,32.0,95,97,3.85
507,Tuatapere,NZ,2021-02-16 22:59:49,-46.1333,167.6833,57.0,64,0,5.99
508,Kamenka,RU,2021-02-16 22:59:49,51.3223,42.7678,-0.99,87,7,3.91
509,Emerald,AU,2021-02-16 22:57:01,-23.5333,148.1667,78.8,61,0,10.36
510,Conceicao Da Barra,BR,2021-02-16 22:59:49,-18.5933,-39.7322,77.02,86,91,10.33
511,Yanam,IN,2021-02-16 22:59:49,16.7333,82.2167,64.8,94,0,0.98
512,North Platte,US,2021-02-16 22:59:50,41.1239,-100.7654,7.0,66,90,10.36
513,Kailua,US,2021-02-16 22:59:50,21.4022,-157.7394,80.6,69,40,8.05
514,Anadyr,RU,2021-02-16 22:59:50,64.75,177.4833,-20.0,76,0,6.71
515,Paita,PE,2021-02-16 22:59:50,-5.0892,-81.1144,76.87,72,16,14.7
516,Barabinsk,RU,2021-02-16 22:59:50,55.3571,78.357,-2.38,93,94,7.18
517,Borba,BR,2021-02-16 22:59:51,-4.3878,-59.5939,77.47,89,59,2.73
518,Mahajanga,MG,2021-02-16 22:59:51,-15.7167,46.3167,78.8,94,40,4.61
519,Marystown,CA,2021-02-16 22:59:51,47.1666,-55.1483,24.87,97,100,8.84
520,Ixtapa,MX,2021-02-16 22:59:52,20.7,-105.2,72.0,68,90,8.05
521,Misratah,LY,2021-02-16 22:59:52,32.3754,15.0925,53.06,57,62,11.14
522,Quelimane,MZ,2021-02-16 22:59:52,-17.8786,36.8883,77.0,94,75,8.05
523,Inongo,CD,2021-02-16 22:59:52,-1.95,18.2667,76.24,80,99,4.03
524,Tonantins,BR,2021-02-16 22:59:53,-2.8731,-67.8022,81.52,72,22,1.99
525,Damietta,EG,2021-02-16 22:59:53,31.4165,31.8133,48.2,81,40,23.02
526,La Ronge,CA,2021-02-16 22:59:53,55.1001,-105.2842,-2.2,60,90,5.75
527,Pallasovka,RU,2021-02-16 22:59:53,50.05,46.8833,2.48,90,100,7.61
528,Miri,MY,2021-02-16 22:59:53,4.4148,114.0089,75.2,100,40,2.3
529,Hualmay,PE,2021-02-16 22:59:54,-11.0964,-77.6139,75.16,68,6,8.21
530,Paciran,ID,2021-02-16 22:59:54,-6.8767,112.3761,78.37,85,100,3.98
531,Bela,IN,2021-02-16 22:59:54,25.9333,81.9833,58.91,57,55,2.86
532,Bakchar,RU,2021-02-16 22:59:54,57.0186,82.0711,-3.39,91,96,4.03
533,Bogorodskoye,RU,2021-02-16 22:59:54,56.55,37.8833,5.85,94,100,8.95
534,Mahibadhoo,MV,2021-02-16 22:59:55,3.7833,72.9667,80.74,76,97,11.05
535,Coolum Beach,AU,2021-02-16 22:59:55,-26.5333,153.1,75.99,78,47,7.0
536,Scottsbluff,US,2021-02-16 22:58:04,41.8666,-103.6672,14.0,62,1,3.44
537,Iwanai,JP,2021-02-16 22:59:56,42.9744,140.5089,20.52,94,100,20.96
538,Vadso,NO,2021-02-16 22:59:56,70.0744,29.7487,12.2,79,75,10.36
539,Golyshmanovo,RU,2021-02-16 22:59:57,56.3979,68.3728,-11.72,89,11,10.04
540,Perevolotskiy,RU,2021-02-16 22:59:57,51.8763,54.1938,-8.75,88,100,5.23
541,Baindur,IN,2021-02-16 22:55:13,13.8667,74.6333,74.05,83,51,5.73
542,Christchurch,NZ,2021-02-16 22:59:57,-43.5333,172.6333,64.0,44,0,4.61
543,Atbasar,KZ,2021-02-16 22:59:58,51.8,68.3333,-3.06,90,100,6.02
544,Kikwit,CD,2021-02-16 22:59:58,-5.041,18.8162,72.61,90,100,2.08
545,Batagay-Alyta,RU,2021-02-16 22:59:58,67.8006,130.4114,-33.14,82,3,1.21
546,Englewood,US,2021-02-16 22:56:19,39.6478,-104.9878,37.99,35,75,13.8
547,Port-Gentil,GA,2021-02-16 22:59:58,-0.7193,8.7815,80.6,89,20,8.05
548,Porto Belo,BR,2021-02-16 22:59:58,-27.1578,-48.5531,78.8,83,20,3.44
549,Along,IN,2021-02-16 22:59:59,28.1667,94.7667,54.19,76,63,3.87
550,Dharmadam,IN,2021-02-16 22:59:59,11.7833,75.4333,73.45,88,5,6.04
551,Prainha,BR,2021-02-16 22:59:59,-1.8,-53.48,77.23,84,75,3.96
552,Ucluelet,CA,2021-02-16 22:59:59,48.9329,-125.5528,48.99,81,75,20.71
553,Villamontes,BO,2021-02-16 22:59:59,-21.25,-63.5,73.45,71,1,3.53
554,Canchungo,GW,2021-02-16 23:00:00,12.0672,-16.0333,78.8,61,98,4.61
555,Sitio Novo Do Tocantins,BR,2021-02-16 23:00:01,-5.5183,-47.4611,77.0,83,90,4.16
556,Tabou,CI,2021-02-16 23:00:01,4.423,-7.3528,78.85,85,97,5.46
557,Kayunga,UG,2021-02-16 23:00:03,0.7025,32.8886,66.94,96,76,3.02
558,Wanaka,NZ,2021-02-16 23:00:05,-44.7,169.15,59.09,46,0,2.82
559,Pascagoula,US,2021-02-16 22:57:29,30.3658,-88.5561,41.0,42,1,5.75
560,Vitoria Do Mearim,BR,2021-02-16 23:00:10,-3.4622,-44.8706,74.32,97,100,3.2
561,Suntar,RU,2021-02-16 23:00:12,62.1444,117.6319,-24.65,84,91,5.41
562,Pinsk,BY,2021-02-16 22:58:57,52.1229,26.0951,11.66,95,97,6.62
563,Okhotsk,RU,2021-02-16 23:00:18,59.3833,143.3,-6.63,79,4,17.09
